RoomNum, PartyName, PartyCode, ArrivalTime, Email
1,"MrandMrs Party Name 1","Secret Code 1","November 5th @ 8:00PM","youremail1@smagmedia.net"
2,"MrandMrs Party Name 2","Secret Code 2","November 5th @ 8:00PM","youremail2@smagmedia.net"
3,"MrandMrs Party Name 3","Secret Code 3","November 5th @ 8:00PM","youremail3@smagmedia.net"
4,"MrandMrs Party Name 4","Secret Code 4","November 5th @ 8:00PM","youremail4@smagmedia.net"
5,"MrandMrs Party Name 5","Secret Code 5","November 5th @ 8:00PM","youremail5@smagmedia.net"
6,"MrandMrs Party Name 6","Secret Code 6","November 5th @ 8:00PM","youremail6@smagmedia.net"
7,"MrandMrs Party Name 7","Secret Code 7","November 5th @ 8:00PM","youremail7@smagmedia.net"
8,"MrandMrs Party Name 8","Secret Code 8","November 5th @ 8:00PM","youremail8@smagmedia.net"
9,"MrandMrs Party Name 9","Secret Code 9","November 5th @ 8:00PM","youremail9@smagmedia.net"
10,"MrandMrs Party Name 10","Secret Code 10","November 5th @ 8:00PM","youremail10@smagmedia.net"
11,"MrandMrs Party Name 11","Secret Code 11","November 5th @ 8:00PM","youremail11@smagmedia.net"
12,"MrandMrs Party Name 12","Secret Code 12","November 5th @ 8:00PM","youremail12@smagmedia.net"
13,"MrandMrs Party Name 13","Secret Code 13","November 5th @ 8:00PM","youremail13@smagmedia.net"
14,"MrandMrs Party Name 14","Secret Code 14","November 5th @ 8:00PM","youremail14@smagmedia.net"
15,"MrandMrs Party Name 15","Secret Code 15","November 5th @ 8:00PM","youremail15@smagmedia.net"
16,"MrandMrs Party Name 16","Secret Code 16","November 5th @ 8:00PM","youremail16@smagmedia.net"
17,"MrandMrs Party Name 17","Secret Code 17","November 5th @ 8:00PM","youremail17@smagmedia.net"
18,"MrandMrs Party Name 18","Secret Code 18","November 5th @ 8:00PM","youremail18@smagmedia.net"
19,"MrandMrs Party Name 19","Secret Code 19","November 5th @ 8:00PM","youremail19@smagmedia.net"
20,"MrandMrs Party Name 20","Secret Code 20","November 5th @ 8:00PM","youremail20@smagmedia.net"
21,"MrandMrs Party Name 21","Secret Code 21","November 5th @ 8:00PM","youremail21@smagmedia.net"
22,"MrandMrs Party Name 22","Secret Code 22","November 5th @ 8:00PM","youremail22@smagmedia.net"
23,"MrandMrs Party Name 23","Secret Code 23","November 5th @ 8:00PM","youremail23@smagmedia.net"
24,"MrandMrs Party Name 24","Secret Code 24","November 5th @ 8:00PM","youremail24@smagmedia.net"
25,"MrandMrs Party Name 25","Secret Code 25","November 5th @ 8:00PM","youremail25@smagmedia.net"
26,"MrandMrs Party Name 26","Secret Code 26","November 5th @ 8:00PM","youremail26@smagmedia.net"
27,"MrandMrs Party Name 27","Secret Code 27","November 5th @ 8:00PM","youremail27@smagmedia.net"
28,"MrandMrs Party Name 28","Secret Code 28","November 5th @ 8:00PM","youremail28@smagmedia.net"
29,"MrandMrs Party Name 29","Secret Code 29","November 5th @ 8:00PM","youremail29@smagmedia.net"
30,"MrandMrs Party Name 30","Secret Code 30","November 5th @ 8:00PM","youremail30@smagmedia.net"
31,"MrandMrs Party Name 31","Secret Code 31","November 5th @ 8:00PM","youremail31@smagmedia.net"
32,"MrandMrs Party Name 32","Secret Code 32","November 5th @ 8:00PM","youremail32@smagmedia.net"
33,"MrandMrs Party Name 33","Secret Code 33","November 5th @ 8:00PM","youremail33@smagmedia.net"
34,"MrandMrs Party Name 34","Secret Code 34","November 5th @ 8:00PM","youremail34@smagmedia.net"
35,"MrandMrs Party Name 35","Secret Code 35","November 5th @ 8:00PM","youremail35@smagmedia.net"
36,"MrandMrs Party Name 36","Secret Code 36","November 5th @ 8:00PM","youremail36@smagmedia.net"
37,"MrandMrs Party Name 37","Secret Code 37","November 5th @ 8:00PM","youremail37@smagmedia.net"
38,"MrandMrs Party Name 38","Secret Code 38","November 5th @ 8:00PM","youremail38@smagmedia.net"
39,"MrandMrs Party Name 39","Secret Code 39","November 5th @ 8:00PM","youremail39@smagmedia.net"
40,"MrandMrs Party Name 40","Secret Code 40","November 5th @ 8:00PM","youremail40@smagmedia.net"
41,"MrandMrs Party Name 41","Secret Code 41","November 5th @ 8:00PM","youremail41@smagmedia.net"
42,"MrandMrs Party Name 42","Secret Code 42","November 5th @ 8:00PM","youremail42@smagmedia.net"
43,"MrandMrs Party Name 43","Secret Code 43","November 5th @ 8:00PM","youremail43@smagmedia.net"
44,"MrandMrs Party Name 44","Secret Code 44","November 5th @ 8:00PM","youremail44@smagmedia.net"
45,"MrandMrs Party Name 45","Secret Code 45","November 5th @ 8:00PM","youremail45@smagmedia.net"
46,"MrandMrs Party Name 46","Secret Code 46","November 5th @ 8:00PM","youremail46@smagmedia.net"
47,"MrandMrs Party Name 47","Secret Code 47","November 5th @ 8:00PM","youremail47@smagmedia.net"
48,"MrandMrs Party Name 48","Secret Code 48","November 5th @ 8:00PM","youremail48@smagmedia.net"
49,"MrandMrs Party Name 49","Secret Code 49","November 5th @ 8:00PM","youremail49@smagmedia.net"
50,"MrandMrs Party Name 50","Secret Code 50","November 5th @ 8:00PM","youremail50@smagmedia.net"
51,"MrandMrs Party Name 51","Secret Code 51","November 5th @ 8:00PM","youremail51@smagmedia.net"
52,"MrandMrs Party Name 52","Secret Code 52","November 5th @ 8:00PM","youremail52@smagmedia.net"
53,"MrandMrs Party Name 53","Secret Code 53","November 5th @ 8:00PM","youremail53@smagmedia.net"
54,"MrandMrs Party Name 54","Secret Code 54","November 5th @ 8:00PM","youremail54@smagmedia.net"
55,"MrandMrs Party Name 55","Secret Code 55","November 5th @ 8:00PM","youremail55@smagmedia.net"
56,"MrandMrs Party Name 56","Secret Code 56","November 5th @ 8:00PM","youremail56@smagmedia.net"
57,"MrandMrs Party Name 57","Secret Code 57","November 5th @ 8:00PM","youremail57@smagmedia.net"
58,"MrandMrs Party Name 58","Secret Code 58","November 5th @ 8:00PM","youremail58@smagmedia.net"
59,"MrandMrs Party Name 59","Secret Code 59","November 5th @ 8:00PM","youremail59@smagmedia.net"
60,"MrandMrs Party Name 60","Secret Code 60","November 5th @ 8:00PM","youremail60@smagmedia.net"
61,"MrandMrs Party Name 61","Secret Code 61","November 5th @ 8:00PM","youremail61@smagmedia.net"
62,"MrandMrs Party Name 62","Secret Code 62","November 5th @ 8:00PM","youremail62@smagmedia.net"
63,"MrandMrs Party Name 63","Secret Code 63","November 5th @ 8:00PM","youremail63@smagmedia.net"
64,"MrandMrs Party Name 64","Secret Code 64","November 5th @ 8:00PM","youremail64@smagmedia.net"
65,"MrandMrs Party Name 65","Secret Code 65","November 5th @ 8:00PM","youremail65@smagmedia.net"
66,"MrandMrs Party Name 66","Secret Code 66","November 5th @ 8:00PM","youremail66@smagmedia.net"
67,"MrandMrs Party Name 67","Secret Code 67","November 5th @ 8:00PM","youremail67@smagmedia.net"
68,"MrandMrs Party Name 68","Secret Code 68","November 5th @ 8:00PM","youremail68@smagmedia.net"
69,"MrandMrs Party Name 69","Secret Code 69","November 5th @ 8:00PM","youremail69@smagmedia.net"
70,"MrandMrs Party Name 70","Secret Code 70","November 5th @ 8:00PM","youremail70@smagmedia.net"
71,"MrandMrs Party Name 71","Secret Code 71","November 5th @ 8:00PM","youremail71@smagmedia.net"
72,"MrandMrs Party Name 72","Secret Code 72","November 5th @ 8:00PM","youremail72@smagmedia.net"
73,"MrandMrs Party Name 73","Secret Code 73","November 5th @ 8:00PM","youremail73@smagmedia.net"
74,"MrandMrs Party Name 74","Secret Code 74","November 5th @ 8:00PM","youremail74@smagmedia.net"
75,"MrandMrs Party Name 75","Secret Code 75","November 5th @ 8:00PM","youremail75@smagmedia.net"
76,"MrandMrs Party Name 76","Secret Code 76","November 5th @ 8:00PM","youremail76@smagmedia.net"
77,"MrandMrs Party Name 77","Secret Code 77","November 5th @ 8:00PM","youremail77@smagmedia.net"
78,"MrandMrs Party Name 78","Secret Code 78","November 5th @ 8:00PM","youremail78@smagmedia.net"
79,"MrandMrs Party Name 79","Secret Code 79","November 5th @ 8:00PM","youremail79@smagmedia.net"
80,"MrandMrs Party Name 80","Secret Code 80","November 5th @ 8:00PM","youremail80@smagmedia.net"
81,"MrandMrs Party Name 81","Secret Code 81","November 5th @ 8:00PM","youremail81@smagmedia.net"
82,"MrandMrs Party Name 82","Secret Code 82","November 5th @ 8:00PM","youremail82@smagmedia.net"
83,"MrandMrs Party Name 83","Secret Code 83","November 5th @ 8:00PM","youremail83@smagmedia.net"
84,"MrandMrs Party Name 84","Secret Code 84","November 5th @ 8:00PM","youremail84@smagmedia.net"
85,"MrandMrs Party Name 85","Secret Code 85","November 5th @ 8:00PM","youremail85@smagmedia.net"
86,"MrandMrs Party Name 86","Secret Code 86","November 5th @ 8:00PM","youremail86@smagmedia.net"
87,"MrandMrs Party Name 87","Secret Code 87","November 5th @ 8:00PM","youremail87@smagmedia.net"
88,"MrandMrs Party Name 88","Secret Code 88","November 5th @ 8:00PM","youremail88@smagmedia.net"
89,"MrandMrs Party Name 89","Secret Code 89","November 5th @ 8:00PM","youremail89@smagmedia.net"
90,"MrandMrs Party Name 90","Secret Code 90","November 5th @ 8:00PM","youremail90@smagmedia.net"
91,"MrandMrs Party Name 91","Secret Code 91","November 5th @ 8:00PM","youremail91@smagmedia.net"
92,"MrandMrs Party Name 92","Secret Code 92","November 5th @ 8:00PM","youremail92@smagmedia.net"
93,"MrandMrs Party Name 93","Secret Code 93","November 5th @ 8:00PM","youremail93@smagmedia.net"
94,"MrandMrs Party Name 94","Secret Code 94","November 5th @ 8:00PM","youremail94@smagmedia.net"
95,"MrandMrs Party Name 95","Secret Code 95","November 5th @ 8:00PM","youremail95@smagmedia.net"
96,"MrandMrs Party Name 96","Secret Code 96","November 5th @ 8:00PM","youremail96@smagmedia.net"
97,"MrandMrs Party Name 97","Secret Code 97","November 5th @ 8:00PM","youremail97@smagmedia.net"
98,"MrandMrs Party Name 98","Secret Code 98","November 5th @ 8:00PM","youremail98@smagmedia.net"
99,"MrandMrs Party Name 99","Secret Code 99","November 5th @ 8:00PM","youremail99@smagmedia.net"
100,"MrandMrs Party Name 100","Secret Code 100","November 5th @ 8:00PM","youremail100@smagmedia.net"
101,"MrandMrs Party Name 101","Secret Code 101","November 5th @ 8:00PM","youremail101@smagmedia.net"
102,"MrandMrs Party Name 102","Secret Code 102","November 5th @ 8:00PM","youremail102@smagmedia.net"
103,"MrandMrs Party Name 103","Secret Code 103","November 5th @ 8:00PM","youremail103@smagmedia.net"
104,"MrandMrs Party Name 104","Secret Code 104","November 5th @ 8:00PM","youremail104@smagmedia.net"
105,"MrandMrs Party Name 105","Secret Code 105","November 5th @ 8:00PM","youremail105@smagmedia.net"
106,"MrandMrs Party Name 106","Secret Code 106","November 5th @ 8:00PM","youremail106@smagmedia.net"
107,"MrandMrs Party Name 107","Secret Code 107","November 5th @ 8:00PM","youremail107@smagmedia.net"
108,"MrandMrs Party Name 108","Secret Code 108","November 5th @ 8:00PM","youremail108@smagmedia.net"
109,"MrandMrs Party Name 109","Secret Code 109","November 5th @ 8:00PM","youremail109@smagmedia.net"
110,"MrandMrs Party Name 110","Secret Code 110","November 5th @ 8:00PM","youremail110@smagmedia.net"
111,"MrandMrs Party Name 111","Secret Code 111","November 5th @ 8:00PM","youremail111@smagmedia.net"
112,"MrandMrs Party Name 112","Secret Code 112","November 5th @ 8:00PM","youremail112@smagmedia.net"
113,"MrandMrs Party Name 113","Secret Code 113","November 5th @ 8:00PM","youremail113@smagmedia.net"
114,"MrandMrs Party Name 114","Secret Code 114","November 5th @ 8:00PM","youremail114@smagmedia.net"
115,"MrandMrs Party Name 115","Secret Code 115","November 5th @ 8:00PM","youremail115@smagmedia.net"
116,"MrandMrs Party Name 116","Secret Code 116","November 5th @ 8:00PM","youremail116@smagmedia.net"
117,"MrandMrs Party Name 117","Secret Code 117","November 5th @ 8:00PM","youremail117@smagmedia.net"
118,"MrandMrs Party Name 118","Secret Code 118","November 5th @ 8:00PM","youremail118@smagmedia.net"
119,"MrandMrs Party Name 119","Secret Code 119","November 5th @ 8:00PM","youremail119@smagmedia.net"
120,"MrandMrs Party Name 120","Secret Code 120","November 5th @ 8:00PM","youremail120@smagmedia.net"
121,"MrandMrs Party Name 121","Secret Code 121","November 5th @ 8:00PM","youremail121@smagmedia.net"
122,"MrandMrs Party Name 122","Secret Code 122","November 5th @ 8:00PM","youremail122@smagmedia.net"
123,"MrandMrs Party Name 123","Secret Code 123","November 5th @ 8:00PM","youremail123@smagmedia.net"
124,"MrandMrs Party Name 124","Secret Code 124","November 5th @ 8:00PM","youremail124@smagmedia.net"
125,"MrandMrs Party Name 125","Secret Code 125","November 5th @ 8:00PM","youremail125@smagmedia.net"
126,"MrandMrs Party Name 126","Secret Code 126","November 5th @ 8:00PM","youremail126@smagmedia.net"
127,"MrandMrs Party Name 127","Secret Code 127","November 5th @ 8:00PM","youremail127@smagmedia.net"
128,"MrandMrs Party Name 128","Secret Code 128","November 5th @ 8:00PM","youremail128@smagmedia.net"
129,"MrandMrs Party Name 129","Secret Code 129","November 5th @ 8:00PM","youremail129@smagmedia.net"
130,"MrandMrs Party Name 130","Secret Code 130","November 5th @ 8:00PM","youremail130@smagmedia.net"
131,"MrandMrs Party Name 131","Secret Code 131","November 5th @ 8:00PM","youremail131@smagmedia.net"
132,"MrandMrs Party Name 132","Secret Code 132","November 5th @ 8:00PM","youremail132@smagmedia.net"
133,"MrandMrs Party Name 133","Secret Code 133","November 5th @ 8:00PM","youremail133@smagmedia.net"
134,"MrandMrs Party Name 134","Secret Code 134","November 5th @ 8:00PM","youremail134@smagmedia.net"
135,"MrandMrs Party Name 135","Secret Code 135","November 5th @ 8:00PM","youremail135@smagmedia.net"
136,"MrandMrs Party Name 136","Secret Code 136","November 5th @ 8:00PM","youremail136@smagmedia.net"
137,"MrandMrs Party Name 137","Secret Code 137","November 5th @ 8:00PM","youremail137@smagmedia.net"
138,"MrandMrs Party Name 138","Secret Code 138","November 5th @ 8:00PM","youremail138@smagmedia.net"
139,"MrandMrs Party Name 139","Secret Code 139","November 5th @ 8:00PM","youremail139@smagmedia.net"
140,"MrandMrs Party Name 140","Secret Code 140","November 5th @ 8:00PM","youremail140@smagmedia.net"
141,"MrandMrs Party Name 141","Secret Code 141","November 5th @ 8:00PM","youremail141@smagmedia.net"
142,"MrandMrs Party Name 142","Secret Code 142","November 5th @ 8:00PM","youremail142@smagmedia.net"
143,"MrandMrs Party Name 143","Secret Code 143","November 5th @ 8:00PM","youremail143@smagmedia.net"
144,"MrandMrs Party Name 144","Secret Code 144","November 5th @ 8:00PM","youremail144@smagmedia.net"
145,"MrandMrs Party Name 145","Secret Code 145","November 5th @ 8:00PM","youremail145@smagmedia.net"
146,"MrandMrs Party Name 146","Secret Code 146","November 5th @ 8:00PM","youremail146@smagmedia.net"
147,"MrandMrs Party Name 147","Secret Code 147","November 5th @ 8:00PM","youremail147@smagmedia.net"
148,"MrandMrs Party Name 148","Secret Code 148","November 5th @ 8:00PM","youremail148@smagmedia.net"
149,"MrandMrs Party Name 149","Secret Code 149","November 5th @ 8:00PM","youremail149@smagmedia.net"
150,"MrandMrs Party Name 150","Secret Code 150","November 5th @ 8:00PM","youremail150@smagmedia.net"
151,"MrandMrs Party Name 151","Secret Code 151","November 5th @ 8:00PM","youremail151@smagmedia.net"
152,"MrandMrs Party Name 152","Secret Code 152","November 5th @ 8:00PM","youremail152@smagmedia.net"
153,"MrandMrs Party Name 153","Secret Code 153","November 5th @ 8:00PM","youremail153@smagmedia.net"
154,"MrandMrs Party Name 154","Secret Code 154","November 5th @ 8:00PM","youremail154@smagmedia.net"
155,"MrandMrs Party Name 155","Secret Code 155","November 5th @ 8:00PM","youremail155@smagmedia.net"
156,"MrandMrs Party Name 156","Secret Code 156","November 5th @ 8:00PM","youremail156@smagmedia.net"
157,"MrandMrs Party Name 157","Secret Code 157","November 5th @ 8:00PM","youremail157@smagmedia.net"
158,"MrandMrs Party Name 158","Secret Code 158","November 5th @ 8:00PM","youremail158@smagmedia.net"
159,"MrandMrs Party Name 159","Secret Code 159","November 5th @ 8:00PM","youremail159@smagmedia.net"
160,"MrandMrs Party Name 160","Secret Code 160","November 5th @ 8:00PM","youremail160@smagmedia.net"
161,"MrandMrs Party Name 161","Secret Code 161","November 5th @ 8:00PM","youremail161@smagmedia.net"
162,"MrandMrs Party Name 162","Secret Code 162","November 5th @ 8:00PM","youremail162@smagmedia.net"
163,"MrandMrs Party Name 163","Secret Code 163","November 5th @ 8:00PM","youremail163@smagmedia.net"
164,"MrandMrs Party Name 164","Secret Code 164","November 5th @ 8:00PM","youremail164@smagmedia.net"
165,"MrandMrs Party Name 165","Secret Code 165","November 5th @ 8:00PM","youremail165@smagmedia.net"
166,"MrandMrs Party Name 166","Secret Code 166","November 5th @ 8:00PM","youremail166@smagmedia.net"
167,"MrandMrs Party Name 167","Secret Code 167","November 5th @ 8:00PM","youremail167@smagmedia.net"
168,"MrandMrs Party Name 168","Secret Code 168","November 5th @ 8:00PM","youremail168@smagmedia.net"
169,"MrandMrs Party Name 169","Secret Code 169","November 5th @ 8:00PM","youremail169@smagmedia.net"
170,"MrandMrs Party Name 170","Secret Code 170","November 5th @ 8:00PM","youremail170@smagmedia.net"
171,"MrandMrs Party Name 171","Secret Code 171","November 5th @ 8:00PM","youremail171@smagmedia.net"
172,"MrandMrs Party Name 172","Secret Code 172","November 5th @ 8:00PM","youremail172@smagmedia.net"
173,"MrandMrs Party Name 173","Secret Code 173","November 5th @ 8:00PM","youremail173@smagmedia.net"
174,"MrandMrs Party Name 174","Secret Code 174","November 5th @ 8:00PM","youremail174@smagmedia.net"
175,"MrandMrs Party Name 175","Secret Code 175","November 5th @ 8:00PM","youremail175@smagmedia.net"
176,"MrandMrs Party Name 176","Secret Code 176","November 5th @ 8:00PM","youremail176@smagmedia.net"
177,"MrandMrs Party Name 177","Secret Code 177","November 5th @ 8:00PM","youremail177@smagmedia.net"
178,"MrandMrs Party Name 178","Secret Code 178","November 5th @ 8:00PM","youremail178@smagmedia.net"
179,"MrandMrs Party Name 179","Secret Code 179","November 5th @ 8:00PM","youremail179@smagmedia.net"
180,"MrandMrs Party Name 180","Secret Code 180","November 5th @ 8:00PM","youremail180@smagmedia.net"
181,"MrandMrs Party Name 181","Secret Code 181","November 5th @ 8:00PM","youremail181@smagmedia.net"
182,"MrandMrs Party Name 182","Secret Code 182","November 5th @ 8:00PM","youremail182@smagmedia.net"
183,"MrandMrs Party Name 183","Secret Code 183","November 5th @ 8:00PM","youremail183@smagmedia.net"
184,"MrandMrs Party Name 184","Secret Code 184","November 5th @ 8:00PM","youremail184@smagmedia.net"
185,"MrandMrs Party Name 185","Secret Code 185","November 5th @ 8:00PM","youremail185@smagmedia.net"
186,"MrandMrs Party Name 186","Secret Code 186","November 5th @ 8:00PM","youremail186@smagmedia.net"
187,"MrandMrs Party Name 187","Secret Code 187","November 5th @ 8:00PM","youremail187@smagmedia.net"
188,"MrandMrs Party Name 188","Secret Code 188","November 5th @ 8:00PM","youremail188@smagmedia.net"
189,"MrandMrs Party Name 189","Secret Code 189","November 5th @ 8:00PM","youremail189@smagmedia.net"
190,"MrandMrs Party Name 190","Secret Code 190","November 5th @ 8:00PM","youremail190@smagmedia.net"
191,"MrandMrs Party Name 191","Secret Code 191","November 5th @ 8:00PM","youremail191@smagmedia.net"
192,"MrandMrs Party Name 192","Secret Code 192","November 5th @ 8:00PM","youremail192@smagmedia.net"
193,"MrandMrs Party Name 193","Secret Code 193","November 5th @ 8:00PM","youremail193@smagmedia.net"
194,"MrandMrs Party Name 194","Secret Code 194","November 5th @ 8:00PM","youremail194@smagmedia.net"
195,"MrandMrs Party Name 195","Secret Code 195","November 5th @ 8:00PM","youremail195@smagmedia.net"
196,"MrandMrs Party Name 196","Secret Code 196","November 5th @ 8:00PM","youremail196@smagmedia.net"
197,"MrandMrs Party Name 197","Secret Code 197","November 5th @ 8:00PM","youremail197@smagmedia.net"
198,"MrandMrs Party Name 198","Secret Code 198","November 5th @ 8:00PM","youremail198@smagmedia.net"
199,"MrandMrs Party Name 199","Secret Code 199","November 5th @ 8:00PM","youremail199@smagmedia.net"
200,"MrandMrs Party Name 200","Secret Code 200","November 5th @ 8:00PM","youremail200@smagmedia.net"
201,"MrandMrs Party Name 201","Secret Code 201","November 5th @ 8:00PM","youremail201@smagmedia.net"
202,"MrandMrs Party Name 202","Secret Code 202","November 5th @ 8:00PM","youremail202@smagmedia.net"
203,"MrandMrs Party Name 203","Secret Code 203","November 5th @ 8:00PM","youremail203@smagmedia.net"
204,"MrandMrs Party Name 204","Secret Code 204","November 5th @ 8:00PM","youremail204@smagmedia.net"
205,"MrandMrs Party Name 205","Secret Code 205","November 5th @ 8:00PM","youremail205@smagmedia.net"
206,"MrandMrs Party Name 206","Secret Code 206","November 5th @ 8:00PM","youremail206@smagmedia.net"
207,"MrandMrs Party Name 207","Secret Code 207","November 5th @ 8:00PM","youremail207@smagmedia.net"
208,"MrandMrs Party Name 208","Secret Code 208","November 5th @ 8:00PM","youremail208@smagmedia.net"
209,"MrandMrs Party Name 209","Secret Code 209","November 5th @ 8:00PM","youremail209@smagmedia.net"
210,"MrandMrs Party Name 210","Secret Code 210","November 5th @ 8:00PM","youremail210@smagmedia.net"
211,"MrandMrs Party Name 211","Secret Code 211","November 5th @ 8:00PM","youremail211@smagmedia.net"
212,"MrandMrs Party Name 212","Secret Code 212","November 5th @ 8:00PM","youremail212@smagmedia.net"
213,"MrandMrs Party Name 213","Secret Code 213","November 5th @ 8:00PM","youremail213@smagmedia.net"
214,"MrandMrs Party Name 214","Secret Code 214","November 5th @ 8:00PM","youremail214@smagmedia.net"
215,"MrandMrs Party Name 215","Secret Code 215","November 5th @ 8:00PM","youremail215@smagmedia.net"
216,"MrandMrs Party Name 216","Secret Code 216","November 5th @ 8:00PM","youremail216@smagmedia.net"
217,"MrandMrs Party Name 217","Secret Code 217","November 5th @ 8:00PM","youremail217@smagmedia.net"
218,"MrandMrs Party Name 218","Secret Code 218","November 5th @ 8:00PM","youremail218@smagmedia.net"
219,"MrandMrs Party Name 219","Secret Code 219","November 5th @ 8:00PM","youremail219@smagmedia.net"
220,"MrandMrs Party Name 220","Secret Code 220","November 5th @ 8:00PM","youremail220@smagmedia.net"
221,"MrandMrs Party Name 221","Secret Code 221","November 5th @ 8:00PM","youremail221@smagmedia.net"
222,"MrandMrs Party Name 222","Secret Code 222","November 5th @ 8:00PM","youremail222@smagmedia.net"
223,"MrandMrs Party Name 223","Secret Code 223","November 5th @ 8:00PM","youremail223@smagmedia.net"
224,"MrandMrs Party Name 224","Secret Code 224","November 5th @ 8:00PM","youremail224@smagmedia.net"
225,"MrandMrs Party Name 225","Secret Code 225","November 5th @ 8:00PM","youremail225@smagmedia.net"
226,"MrandMrs Party Name 226","Secret Code 226","November 5th @ 8:00PM","youremail226@smagmedia.net"
227,"MrandMrs Party Name 227","Secret Code 227","November 5th @ 8:00PM","youremail227@smagmedia.net"
228,"MrandMrs Party Name 228","Secret Code 228","November 5th @ 8:00PM","youremail228@smagmedia.net"
229,"MrandMrs Party Name 229","Secret Code 229","November 5th @ 8:00PM","youremail229@smagmedia.net"
230,"MrandMrs Party Name 230","Secret Code 230","November 5th @ 8:00PM","youremail230@smagmedia.net"
231,"MrandMrs Party Name 231","Secret Code 231","November 5th @ 8:00PM","youremail231@smagmedia.net"
232,"MrandMrs Party Name 232","Secret Code 232","November 5th @ 8:00PM","youremail232@smagmedia.net"
233,"MrandMrs Party Name 233","Secret Code 233","November 5th @ 8:00PM","youremail233@smagmedia.net"
234,"MrandMrs Party Name 234","Secret Code 234","November 5th @ 8:00PM","youremail234@smagmedia.net"
235,"MrandMrs Party Name 235","Secret Code 235","November 5th @ 8:00PM","youremail235@smagmedia.net"
236,"MrandMrs Party Name 236","Secret Code 236","November 5th @ 8:00PM","youremail236@smagmedia.net"
237,"MrandMrs Party Name 237","Secret Code 237","November 5th @ 8:00PM","youremail237@smagmedia.net"
238,"MrandMrs Party Name 238","Secret Code 238","November 5th @ 8:00PM","youremail238@smagmedia.net"
239,"MrandMrs Party Name 239","Secret Code 239","November 5th @ 8:00PM","youremail239@smagmedia.net"
240,"MrandMrs Party Name 240","Secret Code 240","November 5th @ 8:00PM","youremail240@smagmedia.net"
241,"MrandMrs Party Name 241","Secret Code 241","November 5th @ 8:00PM","youremail241@smagmedia.net"
242,"MrandMrs Party Name 242","Secret Code 242","November 5th @ 8:00PM","youremail242@smagmedia.net"
243,"MrandMrs Party Name 243","Secret Code 243","November 5th @ 8:00PM","youremail243@smagmedia.net"
244,"MrandMrs Party Name 244","Secret Code 244","November 5th @ 8:00PM","youremail244@smagmedia.net"
245,"MrandMrs Party Name 245","Secret Code 245","November 5th @ 8:00PM","youremail245@smagmedia.net"
246,"MrandMrs Party Name 246","Secret Code 246","November 5th @ 8:00PM","youremail246@smagmedia.net"
247,"MrandMrs Party Name 247","Secret Code 247","November 5th @ 8:00PM","youremail247@smagmedia.net"
248,"MrandMrs Party Name 248","Secret Code 248","November 5th @ 8:00PM","youremail248@smagmedia.net"
249,"MrandMrs Party Name 249","Secret Code 249","November 5th @ 8:00PM","youremail249@smagmedia.net"
250,"MrandMrs Party Name 250","Secret Code 250","November 5th @ 8:00PM","youremail250@smagmedia.net"
251,"MrandMrs Party Name 251","Secret Code 251","November 5th @ 8:00PM","youremail251@smagmedia.net"
252,"MrandMrs Party Name 252","Secret Code 252","November 5th @ 8:00PM","youremail252@smagmedia.net"
253,"MrandMrs Party Name 253","Secret Code 253","November 5th @ 8:00PM","youremail253@smagmedia.net"
254,"MrandMrs Party Name 254","Secret Code 254","November 5th @ 8:00PM","youremail254@smagmedia.net"
255,"MrandMrs Party Name 255","Secret Code 255","November 5th @ 8:00PM","youremail255@smagmedia.net"
256,"MrandMrs Party Name 256","Secret Code 256","November 5th @ 8:00PM","youremail256@smagmedia.net"
257,"MrandMrs Party Name 257","Secret Code 257","November 5th @ 8:00PM","youremail257@smagmedia.net"
258,"MrandMrs Party Name 258","Secret Code 258","November 5th @ 8:00PM","youremail258@smagmedia.net"
259,"MrandMrs Party Name 259","Secret Code 259","November 5th @ 8:00PM","youremail259@smagmedia.net"
260,"MrandMrs Party Name 260","Secret Code 260","November 5th @ 8:00PM","youremail260@smagmedia.net"
261,"MrandMrs Party Name 261","Secret Code 261","November 5th @ 8:00PM","youremail261@smagmedia.net"
262,"MrandMrs Party Name 262","Secret Code 262","November 5th @ 8:00PM","youremail262@smagmedia.net"
263,"MrandMrs Party Name 263","Secret Code 263","November 5th @ 8:00PM","youremail263@smagmedia.net"
264,"MrandMrs Party Name 264","Secret Code 264","November 5th @ 8:00PM","youremail264@smagmedia.net"
265,"MrandMrs Party Name 265","Secret Code 265","November 5th @ 8:00PM","youremail265@smagmedia.net"
266,"MrandMrs Party Name 266","Secret Code 266","November 5th @ 8:00PM","youremail266@smagmedia.net"
267,"MrandMrs Party Name 267","Secret Code 267","November 5th @ 8:00PM","youremail267@smagmedia.net"
268,"MrandMrs Party Name 268","Secret Code 268","November 5th @ 8:00PM","youremail268@smagmedia.net"
269,"MrandMrs Party Name 269","Secret Code 269","November 5th @ 8:00PM","youremail269@smagmedia.net"
270,"MrandMrs Party Name 270","Secret Code 270","November 5th @ 8:00PM","youremail270@smagmedia.net"
271,"MrandMrs Party Name 271","Secret Code 271","November 5th @ 8:00PM","youremail271@smagmedia.net"
272,"MrandMrs Party Name 272","Secret Code 272","November 5th @ 8:00PM","youremail272@smagmedia.net"
273,"MrandMrs Party Name 273","Secret Code 273","November 5th @ 8:00PM","youremail273@smagmedia.net"
274,"MrandMrs Party Name 274","Secret Code 274","November 5th @ 8:00PM","youremail274@smagmedia.net"
275,"MrandMrs Party Name 275","Secret Code 275","November 5th @ 8:00PM","youremail275@smagmedia.net"
276,"MrandMrs Party Name 276","Secret Code 276","November 5th @ 8:00PM","youremail276@smagmedia.net"
277,"MrandMrs Party Name 277","Secret Code 277","November 5th @ 8:00PM","youremail277@smagmedia.net"
278,"MrandMrs Party Name 278","Secret Code 278","November 5th @ 8:00PM","youremail278@smagmedia.net"
279,"MrandMrs Party Name 279","Secret Code 279","November 5th @ 8:00PM","youremail279@smagmedia.net"
280,"MrandMrs Party Name 280","Secret Code 280","November 5th @ 8:00PM","youremail280@smagmedia.net"
281,"MrandMrs Party Name 281","Secret Code 281","November 5th @ 8:00PM","youremail281@smagmedia.net"
282,"MrandMrs Party Name 282","Secret Code 282","November 5th @ 8:00PM","youremail282@smagmedia.net"
283,"MrandMrs Party Name 283","Secret Code 283","November 5th @ 8:00PM","youremail283@smagmedia.net"
284,"MrandMrs Party Name 284","Secret Code 284","November 5th @ 8:00PM","youremail284@smagmedia.net"
285,"MrandMrs Party Name 285","Secret Code 285","November 5th @ 8:00PM","youremail285@smagmedia.net"
286,"MrandMrs Party Name 286","Secret Code 286","November 5th @ 8:00PM","youremail286@smagmedia.net"
287,"MrandMrs Party Name 287","Secret Code 287","November 5th @ 8:00PM","youremail287@smagmedia.net"
288,"MrandMrs Party Name 288","Secret Code 288","November 5th @ 8:00PM","youremail288@smagmedia.net"
289,"MrandMrs Party Name 289","Secret Code 289","November 5th @ 8:00PM","youremail289@smagmedia.net"
290,"MrandMrs Party Name 290","Secret Code 290","November 5th @ 8:00PM","youremail290@smagmedia.net"
291,"MrandMrs Party Name 291","Secret Code 291","November 5th @ 8:00PM","youremail291@smagmedia.net"
292,"MrandMrs Party Name 292","Secret Code 292","November 5th @ 8:00PM","youremail292@smagmedia.net"
293,"MrandMrs Party Name 293","Secret Code 293","November 5th @ 8:00PM","youremail293@smagmedia.net"
294,"MrandMrs Party Name 294","Secret Code 294","November 5th @ 8:00PM","youremail294@smagmedia.net"
295,"MrandMrs Party Name 295","Secret Code 295","November 5th @ 8:00PM","youremail295@smagmedia.net"
296,"MrandMrs Party Name 296","Secret Code 296","November 5th @ 8:00PM","youremail296@smagmedia.net"
297,"MrandMrs Party Name 297","Secret Code 297","November 5th @ 8:00PM","youremail297@smagmedia.net"
298,"MrandMrs Party Name 298","Secret Code 298","November 5th @ 8:00PM","youremail298@smagmedia.net"
299,"MrandMrs Party Name 299","Secret Code 299","November 5th @ 8:00PM","youremail299@smagmedia.net"
300,"MrandMrs Party Name 300","Secret Code 300","November 5th @ 8:00PM","youremail300@smagmedia.net"
301,"MrandMrs Party Name 301","Secret Code 301","November 5th @ 8:00PM","youremail301@smagmedia.net"
302,"MrandMrs Party Name 302","Secret Code 302","November 5th @ 8:00PM","youremail302@smagmedia.net"
303,"MrandMrs Party Name 303","Secret Code 303","November 5th @ 8:00PM","youremail303@smagmedia.net"
304,"MrandMrs Party Name 304","Secret Code 304","November 5th @ 8:00PM","youremail304@smagmedia.net"
305,"MrandMrs Party Name 305","Secret Code 305","November 5th @ 8:00PM","youremail305@smagmedia.net"
306,"MrandMrs Party Name 306","Secret Code 306","November 5th @ 8:00PM","youremail306@smagmedia.net"
307,"MrandMrs Party Name 307","Secret Code 307","November 5th @ 8:00PM","youremail307@smagmedia.net"
308,"MrandMrs Party Name 308","Secret Code 308","November 5th @ 8:00PM","youremail308@smagmedia.net"
309,"MrandMrs Party Name 309","Secret Code 309","November 5th @ 8:00PM","youremail309@smagmedia.net"
310,"MrandMrs Party Name 310","Secret Code 310","November 5th @ 8:00PM","youremail310@smagmedia.net"
311,"MrandMrs Party Name 311","Secret Code 311","November 5th @ 8:00PM","youremail311@smagmedia.net"
312,"MrandMrs Party Name 312","Secret Code 312","November 5th @ 8:00PM","youremail312@smagmedia.net"
313,"MrandMrs Party Name 313","Secret Code 313","November 5th @ 8:00PM","youremail313@smagmedia.net"
314,"MrandMrs Party Name 314","Secret Code 314","November 5th @ 8:00PM","youremail314@smagmedia.net"
315,"MrandMrs Party Name 315","Secret Code 315","November 5th @ 8:00PM","youremail315@smagmedia.net"
316,"MrandMrs Party Name 316","Secret Code 316","November 5th @ 8:00PM","youremail316@smagmedia.net"
317,"MrandMrs Party Name 317","Secret Code 317","November 5th @ 8:00PM","youremail317@smagmedia.net"
318,"MrandMrs Party Name 318","Secret Code 318","November 5th @ 8:00PM","youremail318@smagmedia.net"
319,"MrandMrs Party Name 319","Secret Code 319","November 5th @ 8:00PM","youremail319@smagmedia.net"
320,"MrandMrs Party Name 320","Secret Code 320","November 5th @ 8:00PM","youremail320@smagmedia.net"
321,"MrandMrs Party Name 321","Secret Code 321","November 5th @ 8:00PM","youremail321@smagmedia.net"
322,"MrandMrs Party Name 322","Secret Code 322","November 5th @ 8:00PM","youremail322@smagmedia.net"
323,"MrandMrs Party Name 323","Secret Code 323","November 5th @ 8:00PM","youremail323@smagmedia.net"
324,"MrandMrs Party Name 324","Secret Code 324","November 5th @ 8:00PM","youremail324@smagmedia.net"
325,"MrandMrs Party Name 325","Secret Code 325","November 5th @ 8:00PM","youremail325@smagmedia.net"
326,"MrandMrs Party Name 326","Secret Code 326","November 5th @ 8:00PM","youremail326@smagmedia.net"
327,"MrandMrs Party Name 327","Secret Code 327","November 5th @ 8:00PM","youremail327@smagmedia.net"
328,"MrandMrs Party Name 328","Secret Code 328","November 5th @ 8:00PM","youremail328@smagmedia.net"
329,"MrandMrs Party Name 329","Secret Code 329","November 5th @ 8:00PM","youremail329@smagmedia.net"
330,"MrandMrs Party Name 330","Secret Code 330","November 5th @ 8:00PM","youremail330@smagmedia.net"
331,"MrandMrs Party Name 331","Secret Code 331","November 5th @ 8:00PM","youremail331@smagmedia.net"
332,"MrandMrs Party Name 332","Secret Code 332","November 5th @ 8:00PM","youremail332@smagmedia.net"
333,"MrandMrs Party Name 333","Secret Code 333","November 5th @ 8:00PM","youremail333@smagmedia.net"
334,"MrandMrs Party Name 334","Secret Code 334","November 5th @ 8:00PM","youremail334@smagmedia.net"
335,"MrandMrs Party Name 335","Secret Code 335","November 5th @ 8:00PM","youremail335@smagmedia.net"
336,"MrandMrs Party Name 336","Secret Code 336","November 5th @ 8:00PM","youremail336@smagmedia.net"
337,"MrandMrs Party Name 337","Secret Code 337","November 5th @ 8:00PM","youremail337@smagmedia.net"
338,"MrandMrs Party Name 338","Secret Code 338","November 5th @ 8:00PM","youremail338@smagmedia.net"
339,"MrandMrs Party Name 339","Secret Code 339","November 5th @ 8:00PM","youremail339@smagmedia.net"
340,"MrandMrs Party Name 340","Secret Code 340","November 5th @ 8:00PM","youremail340@smagmedia.net"
341,"MrandMrs Party Name 341","Secret Code 341","November 5th @ 8:00PM","youremail341@smagmedia.net"
342,"MrandMrs Party Name 342","Secret Code 342","November 5th @ 8:00PM","youremail342@smagmedia.net"
343,"MrandMrs Party Name 343","Secret Code 343","November 5th @ 8:00PM","youremail343@smagmedia.net"
344,"MrandMrs Party Name 344","Secret Code 344","November 5th @ 8:00PM","youremail344@smagmedia.net"
345,"MrandMrs Party Name 345","Secret Code 345","November 5th @ 8:00PM","youremail345@smagmedia.net"
346,"MrandMrs Party Name 346","Secret Code 346","November 5th @ 8:00PM","youremail346@smagmedia.net"
347,"MrandMrs Party Name 347","Secret Code 347","November 5th @ 8:00PM","youremail347@smagmedia.net"
348,"MrandMrs Party Name 348","Secret Code 348","November 5th @ 8:00PM","youremail348@smagmedia.net"
349,"MrandMrs Party Name 349","Secret Code 349","November 5th @ 8:00PM","youremail349@smagmedia.net"
350,"MrandMrs Party Name 350","Secret Code 350","November 5th @ 8:00PM","youremail350@smagmedia.net"
351,"MrandMrs Party Name 351","Secret Code 351","November 5th @ 8:00PM","youremail351@smagmedia.net"
352,"MrandMrs Party Name 352","Secret Code 352","November 5th @ 8:00PM","youremail352@smagmedia.net"
353,"MrandMrs Party Name 353","Secret Code 353","November 5th @ 8:00PM","youremail353@smagmedia.net"
354,"MrandMrs Party Name 354","Secret Code 354","November 5th @ 8:00PM","youremail354@smagmedia.net"
355,"MrandMrs Party Name 355","Secret Code 355","November 5th @ 8:00PM","youremail355@smagmedia.net"
356,"MrandMrs Party Name 356","Secret Code 356","November 5th @ 8:00PM","youremail356@smagmedia.net"
357,"MrandMrs Party Name 357","Secret Code 357","November 5th @ 8:00PM","youremail357@smagmedia.net"
358,"MrandMrs Party Name 358","Secret Code 358","November 5th @ 8:00PM","youremail358@smagmedia.net"
359,"MrandMrs Party Name 359","Secret Code 359","November 5th @ 8:00PM","youremail359@smagmedia.net"
360,"MrandMrs Party Name 360","Secret Code 360","November 5th @ 8:00PM","youremail360@smagmedia.net"
361,"MrandMrs Party Name 361","Secret Code 361","November 5th @ 8:00PM","youremail361@smagmedia.net"
362,"MrandMrs Party Name 362","Secret Code 362","November 5th @ 8:00PM","youremail362@smagmedia.net"
363,"MrandMrs Party Name 363","Secret Code 363","November 5th @ 8:00PM","youremail363@smagmedia.net"
364,"MrandMrs Party Name 364","Secret Code 364","November 5th @ 8:00PM","youremail364@smagmedia.net"
365,"MrandMrs Party Name 365","Secret Code 365","November 5th @ 8:00PM","youremail365@smagmedia.net"
366,"MrandMrs Party Name 366","Secret Code 366","November 5th @ 8:00PM","youremail366@smagmedia.net"
367,"MrandMrs Party Name 367","Secret Code 367","November 5th @ 8:00PM","youremail367@smagmedia.net"
368,"MrandMrs Party Name 368","Secret Code 368","November 5th @ 8:00PM","youremail368@smagmedia.net"
369,"MrandMrs Party Name 369","Secret Code 369","November 5th @ 8:00PM","youremail369@smagmedia.net"
370,"MrandMrs Party Name 370","Secret Code 370","November 5th @ 8:00PM","youremail370@smagmedia.net"
371,"MrandMrs Party Name 371","Secret Code 371","November 5th @ 8:00PM","youremail371@smagmedia.net"
372,"MrandMrs Party Name 372","Secret Code 372","November 5th @ 8:00PM","youremail372@smagmedia.net"
373,"MrandMrs Party Name 373","Secret Code 373","November 5th @ 8:00PM","youremail373@smagmedia.net"
374,"MrandMrs Party Name 374","Secret Code 374","November 5th @ 8:00PM","youremail374@smagmedia.net"
375,"MrandMrs Party Name 375","Secret Code 375","November 5th @ 8:00PM","youremail375@smagmedia.net"
376,"MrandMrs Party Name 376","Secret Code 376","November 5th @ 8:00PM","youremail376@smagmedia.net"
377,"MrandMrs Party Name 377","Secret Code 377","November 5th @ 8:00PM","youremail377@smagmedia.net"
378,"MrandMrs Party Name 378","Secret Code 378","November 5th @ 8:00PM","youremail378@smagmedia.net"
379,"MrandMrs Party Name 379","Secret Code 379","November 5th @ 8:00PM","youremail379@smagmedia.net"
380,"MrandMrs Party Name 380","Secret Code 380","November 5th @ 8:00PM","youremail380@smagmedia.net"
381,"MrandMrs Party Name 381","Secret Code 381","November 5th @ 8:00PM","youremail381@smagmedia.net"
382,"MrandMrs Party Name 382","Secret Code 382","November 5th @ 8:00PM","youremail382@smagmedia.net"
383,"MrandMrs Party Name 383","Secret Code 383","November 5th @ 8:00PM","youremail383@smagmedia.net"
384,"MrandMrs Party Name 384","Secret Code 384","November 5th @ 8:00PM","youremail384@smagmedia.net"
385,"MrandMrs Party Name 385","Secret Code 385","November 5th @ 8:00PM","youremail385@smagmedia.net"
386,"MrandMrs Party Name 386","Secret Code 386","November 5th @ 8:00PM","youremail386@smagmedia.net"
387,"MrandMrs Party Name 387","Secret Code 387","November 5th @ 8:00PM","youremail387@smagmedia.net"
388,"MrandMrs Party Name 388","Secret Code 388","November 5th @ 8:00PM","youremail388@smagmedia.net"
389,"MrandMrs Party Name 389","Secret Code 389","November 5th @ 8:00PM","youremail389@smagmedia.net"
390,"MrandMrs Party Name 390","Secret Code 390","November 5th @ 8:00PM","youremail390@smagmedia.net"
391,"MrandMrs Party Name 391","Secret Code 391","November 5th @ 8:00PM","youremail391@smagmedia.net"
392,"MrandMrs Party Name 392","Secret Code 392","November 5th @ 8:00PM","youremail392@smagmedia.net"
393,"MrandMrs Party Name 393","Secret Code 393","November 5th @ 8:00PM","youremail393@smagmedia.net"
394,"MrandMrs Party Name 394","Secret Code 394","November 5th @ 8:00PM","youremail394@smagmedia.net"
395,"MrandMrs Party Name 395","Secret Code 395","November 5th @ 8:00PM","youremail395@smagmedia.net"
396,"MrandMrs Party Name 396","Secret Code 396","November 5th @ 8:00PM","youremail396@smagmedia.net"
397,"MrandMrs Party Name 397","Secret Code 397","November 5th @ 8:00PM","youremail397@smagmedia.net"
398,"MrandMrs Party Name 398","Secret Code 398","November 5th @ 8:00PM","youremail398@smagmedia.net"
399,"MrandMrs Party Name 399","Secret Code 399","November 5th @ 8:00PM","youremail399@smagmedia.net"
400,"MrandMrs Party Name 400","Secret Code 400","November 5th @ 8:00PM","youremail400@smagmedia.net"
401,"MrandMrs Party Name 401","Secret Code 401","November 5th @ 8:00PM","youremail401@smagmedia.net"
402,"MrandMrs Party Name 402","Secret Code 402","November 5th @ 8:00PM","youremail402@smagmedia.net"
403,"MrandMrs Party Name 403","Secret Code 403","November 5th @ 8:00PM","youremail403@smagmedia.net"
404,"MrandMrs Party Name 404","Secret Code 404","November 5th @ 8:00PM","youremail404@smagmedia.net"
405,"MrandMrs Party Name 405","Secret Code 405","November 5th @ 8:00PM","youremail405@smagmedia.net"
406,"MrandMrs Party Name 406","Secret Code 406","November 5th @ 8:00PM","youremail406@smagmedia.net"
407,"MrandMrs Party Name 407","Secret Code 407","November 5th @ 8:00PM","youremail407@smagmedia.net"
408,"MrandMrs Party Name 408","Secret Code 408","November 5th @ 8:00PM","youremail408@smagmedia.net"
409,"MrandMrs Party Name 409","Secret Code 409","November 5th @ 8:00PM","youremail409@smagmedia.net"
410,"MrandMrs Party Name 410","Secret Code 410","November 5th @ 8:00PM","youremail410@smagmedia.net"
411,"MrandMrs Party Name 411","Secret Code 411","November 5th @ 8:00PM","youremail411@smagmedia.net"
412,"MrandMrs Party Name 412","Secret Code 412","November 5th @ 8:00PM","youremail412@smagmedia.net"
413,"MrandMrs Party Name 413","Secret Code 413","November 5th @ 8:00PM","youremail413@smagmedia.net"
414,"MrandMrs Party Name 414","Secret Code 414","November 5th @ 8:00PM","youremail414@smagmedia.net"
415,"MrandMrs Party Name 415","Secret Code 415","November 5th @ 8:00PM","youremail415@smagmedia.net"
416,"MrandMrs Party Name 416","Secret Code 416","November 5th @ 8:00PM","youremail416@smagmedia.net"
417,"MrandMrs Party Name 417","Secret Code 417","November 5th @ 8:00PM","youremail417@smagmedia.net"
418,"MrandMrs Party Name 418","Secret Code 418","November 5th @ 8:00PM","youremail418@smagmedia.net"
419,"MrandMrs Party Name 419","Secret Code 419","November 5th @ 8:00PM","youremail419@smagmedia.net"
420,"MrandMrs Party Name 420","Secret Code 420","November 5th @ 8:00PM","youremail420@smagmedia.net"
421,"MrandMrs Party Name 421","Secret Code 421","November 5th @ 8:00PM","youremail421@smagmedia.net"
422,"MrandMrs Party Name 422","Secret Code 422","November 5th @ 8:00PM","youremail422@smagmedia.net"
423,"MrandMrs Party Name 423","Secret Code 423","November 5th @ 8:00PM","youremail423@smagmedia.net"
424,"MrandMrs Party Name 424","Secret Code 424","November 5th @ 8:00PM","youremail424@smagmedia.net"
425,"MrandMrs Party Name 425","Secret Code 425","November 5th @ 8:00PM","youremail425@smagmedia.net"
426,"MrandMrs Party Name 426","Secret Code 426","November 5th @ 8:00PM","youremail426@smagmedia.net"
427,"MrandMrs Party Name 427","Secret Code 427","November 5th @ 8:00PM","youremail427@smagmedia.net"
428,"MrandMrs Party Name 428","Secret Code 428","November 5th @ 8:00PM","youremail428@smagmedia.net"
429,"MrandMrs Party Name 429","Secret Code 429","November 5th @ 8:00PM","youremail429@smagmedia.net"
430,"MrandMrs Party Name 430","Secret Code 430","November 5th @ 8:00PM","youremail430@smagmedia.net"
431,"MrandMrs Party Name 431","Secret Code 431","November 5th @ 8:00PM","youremail431@smagmedia.net"
432,"MrandMrs Party Name 432","Secret Code 432","November 5th @ 8:00PM","youremail432@smagmedia.net"
433,"MrandMrs Party Name 433","Secret Code 433","November 5th @ 8:00PM","youremail433@smagmedia.net"
434,"MrandMrs Party Name 434","Secret Code 434","November 5th @ 8:00PM","youremail434@smagmedia.net"
435,"MrandMrs Party Name 435","Secret Code 435","November 5th @ 8:00PM","youremail435@smagmedia.net"
436,"MrandMrs Party Name 436","Secret Code 436","November 5th @ 8:00PM","youremail436@smagmedia.net"
437,"MrandMrs Party Name 437","Secret Code 437","November 5th @ 8:00PM","youremail437@smagmedia.net"
438,"MrandMrs Party Name 438","Secret Code 438","November 5th @ 8:00PM","youremail438@smagmedia.net"
439,"MrandMrs Party Name 439","Secret Code 439","November 5th @ 8:00PM","youremail439@smagmedia.net"
440,"MrandMrs Party Name 440","Secret Code 440","November 5th @ 8:00PM","youremail440@smagmedia.net"
441,"MrandMrs Party Name 441","Secret Code 441","November 5th @ 8:00PM","youremail441@smagmedia.net"
442,"MrandMrs Party Name 442","Secret Code 442","November 5th @ 8:00PM","youremail442@smagmedia.net"
443,"MrandMrs Party Name 443","Secret Code 443","November 5th @ 8:00PM","youremail443@smagmedia.net"
444,"MrandMrs Party Name 444","Secret Code 444","November 5th @ 8:00PM","youremail444@smagmedia.net"
445,"MrandMrs Party Name 445","Secret Code 445","November 5th @ 8:00PM","youremail445@smagmedia.net"
446,"MrandMrs Party Name 446","Secret Code 446","November 5th @ 8:00PM","youremail446@smagmedia.net"
447,"MrandMrs Party Name 447","Secret Code 447","November 5th @ 8:00PM","youremail447@smagmedia.net"
448,"MrandMrs Party Name 448","Secret Code 448","November 5th @ 8:00PM","youremail448@smagmedia.net"
449,"MrandMrs Party Name 449","Secret Code 449","November 5th @ 8:00PM","youremail449@smagmedia.net"
450,"MrandMrs Party Name 450","Secret Code 450","November 5th @ 8:00PM","youremail450@smagmedia.net"
451,"MrandMrs Party Name 451","Secret Code 451","November 5th @ 8:00PM","youremail451@smagmedia.net"
452,"MrandMrs Party Name 452","Secret Code 452","November 5th @ 8:00PM","youremail452@smagmedia.net"
453,"MrandMrs Party Name 453","Secret Code 453","November 5th @ 8:00PM","youremail453@smagmedia.net"
454,"MrandMrs Party Name 454","Secret Code 454","November 5th @ 8:00PM","youremail454@smagmedia.net"
455,"MrandMrs Party Name 455","Secret Code 455","November 5th @ 8:00PM","youremail455@smagmedia.net"
456,"MrandMrs Party Name 456","Secret Code 456","November 5th @ 8:00PM","youremail456@smagmedia.net"
457,"MrandMrs Party Name 457","Secret Code 457","November 5th @ 8:00PM","youremail457@smagmedia.net"
458,"MrandMrs Party Name 458","Secret Code 458","November 5th @ 8:00PM","youremail458@smagmedia.net"
459,"MrandMrs Party Name 459","Secret Code 459","November 5th @ 8:00PM","youremail459@smagmedia.net"
460,"MrandMrs Party Name 460","Secret Code 460","November 5th @ 8:00PM","youremail460@smagmedia.net"
461,"MrandMrs Party Name 461","Secret Code 461","November 5th @ 8:00PM","youremail461@smagmedia.net"
462,"MrandMrs Party Name 462","Secret Code 462","November 5th @ 8:00PM","youremail462@smagmedia.net"
463,"MrandMrs Party Name 463","Secret Code 463","November 5th @ 8:00PM","youremail463@smagmedia.net"
464,"MrandMrs Party Name 464","Secret Code 464","November 5th @ 8:00PM","youremail464@smagmedia.net"
465,"MrandMrs Party Name 465","Secret Code 465","November 5th @ 8:00PM","youremail465@smagmedia.net"
466,"MrandMrs Party Name 466","Secret Code 466","November 5th @ 8:00PM","youremail466@smagmedia.net"
467,"MrandMrs Party Name 467","Secret Code 467","November 5th @ 8:00PM","youremail467@smagmedia.net"
468,"MrandMrs Party Name 468","Secret Code 468","November 5th @ 8:00PM","youremail468@smagmedia.net"
469,"MrandMrs Party Name 469","Secret Code 469","November 5th @ 8:00PM","youremail469@smagmedia.net"
470,"MrandMrs Party Name 470","Secret Code 470","November 5th @ 8:00PM","youremail470@smagmedia.net"
471,"MrandMrs Party Name 471","Secret Code 471","November 5th @ 8:00PM","youremail471@smagmedia.net"
472,"MrandMrs Party Name 472","Secret Code 472","November 5th @ 8:00PM","youremail472@smagmedia.net"
473,"MrandMrs Party Name 473","Secret Code 473","November 5th @ 8:00PM","youremail473@smagmedia.net"
474,"MrandMrs Party Name 474","Secret Code 474","November 5th @ 8:00PM","youremail474@smagmedia.net"
475,"MrandMrs Party Name 475","Secret Code 475","November 5th @ 8:00PM","youremail475@smagmedia.net"
476,"MrandMrs Party Name 476","Secret Code 476","November 5th @ 8:00PM","youremail476@smagmedia.net"
477,"MrandMrs Party Name 477","Secret Code 477","November 5th @ 8:00PM","youremail477@smagmedia.net"
478,"MrandMrs Party Name 478","Secret Code 478","November 5th @ 8:00PM","youremail478@smagmedia.net"
479,"MrandMrs Party Name 479","Secret Code 479","November 5th @ 8:00PM","youremail479@smagmedia.net"
480,"MrandMrs Party Name 480","Secret Code 480","November 5th @ 8:00PM","youremail480@smagmedia.net"
481,"MrandMrs Party Name 481","Secret Code 481","November 5th @ 8:00PM","youremail481@smagmedia.net"
482,"MrandMrs Party Name 482","Secret Code 482","November 5th @ 8:00PM","youremail482@smagmedia.net"
483,"MrandMrs Party Name 483","Secret Code 483","November 5th @ 8:00PM","youremail483@smagmedia.net"
484,"MrandMrs Party Name 484","Secret Code 484","November 5th @ 8:00PM","youremail484@smagmedia.net"
485,"MrandMrs Party Name 485","Secret Code 485","November 5th @ 8:00PM","youremail485@smagmedia.net"
486,"MrandMrs Party Name 486","Secret Code 486","November 5th @ 8:00PM","youremail486@smagmedia.net"
487,"MrandMrs Party Name 487","Secret Code 487","November 5th @ 8:00PM","youremail487@smagmedia.net"
488,"MrandMrs Party Name 488","Secret Code 488","November 5th @ 8:00PM","youremail488@smagmedia.net"
489,"MrandMrs Party Name 489","Secret Code 489","November 5th @ 8:00PM","youremail489@smagmedia.net"
490,"MrandMrs Party Name 490","Secret Code 490","November 5th @ 8:00PM","youremail490@smagmedia.net"
491,"MrandMrs Party Name 491","Secret Code 491","November 5th @ 8:00PM","youremail491@smagmedia.net"
492,"MrandMrs Party Name 492","Secret Code 492","November 5th @ 8:00PM","youremail492@smagmedia.net"
493,"MrandMrs Party Name 493","Secret Code 493","November 5th @ 8:00PM","youremail493@smagmedia.net"
494,"MrandMrs Party Name 494","Secret Code 494","November 5th @ 8:00PM","youremail494@smagmedia.net"
495,"MrandMrs Party Name 495","Secret Code 495","November 5th @ 8:00PM","youremail495@smagmedia.net"
496,"MrandMrs Party Name 496","Secret Code 496","November 5th @ 8:00PM","youremail496@smagmedia.net"
497,"MrandMrs Party Name 497","Secret Code 497","November 5th @ 8:00PM","youremail497@smagmedia.net"
498,"MrandMrs Party Name 498","Secret Code 498","November 5th @ 8:00PM","youremail498@smagmedia.net"
499,"MrandMrs Party Name 499","Secret Code 499","November 5th @ 8:00PM","youremail499@smagmedia.net"